word,score
pen,0.31005510050206264
table,0.3025989302467784
tree,0.1504804745015931
