word,score
pen,2.7786504684135003
table,3.4555101387227625
tree,2.418379442562154
